BOW_Score,% of spelling errors,Vocab,No. of words,Content Similarity (in %),Human_rated_score
11,2.416918429003021,5,331.0,42,4
12,8.706467661691542,3,402.0,52,4
8,11.707317073170733,4,205.0,43,4
9,2.8735632183908044,3,348.0,52,4
13,2.9880478087649402,9,502.0,45,5
14,2.684563758389262,6,447.0,47,4
15,1.643192488262911,3,426.0,47,5
9,3.861003861003861,3,259.0,42,4
14,2.346041055718475,3,341.0,39,4
10,3.558718861209965,3,281.0,52,4
14,0.48661800486618007,6,411.0,57,4
