BOW_Score,% of spelling errors,Vocab,No. of words,Content Similarity (in %),Human_rated_score
12,3.768115942028986,7,345.0,45,4
15,4.265402843601896,4,422.0,47,5
14,0.35842293906810035,5,279.0,58,4
12,5.9171597633136095,12,507.0,47,5
16,3.5940803382663846,1,473.0,47,4
12,4.979253112033195,1,241.0,34,4
17,0.9940357852882704,8,503.0,51,5
15,0.39370078740157477,2,508.0,50,5
14,2.232142857142857,3,448.0,44,4
15,2.2598870056497176,3,354.0,46,5
14,1.0723860589812333,5,373.0,53,4
