BOW_Score,% of spelling errors,Vocab,No. of words,Content Similarity (in %),Human_rated_score
12,3.768115942028986,7,345.0,45,4
16,4.265402843601896,4,422.0,42,5
13,0.35842293906810035,5,279.0,52,4
14,5.9171597633136095,12,507.0,40,5
17,3.5940803382663846,1,473.0,44,4
10,4.979253112033195,1,241.0,29,4
17,0.9940357852882704,8,503.0,44,5
